Model,Fold,ROC-AUC,G-mean,F1-Score,Accuracy,Precision,Recall,Logloss,Description
LGBMClassifier,CTNNB1,0.5683917229825889,0.5352755931665916,0.0019462068428632595,0.6874497184231697,0.0009753813741172799,0.4166666666666667,0.49595729493104923,is_unbalance
LGBMClassifier,Erk,0.6260023454397894,0.5753615938256276,0.0062256809338521405,0.7277765934768706,0.003134304967873374,0.45454545454545453,0.48092744896418926,is_unbalance
LGBMClassifier,Ikk2,0.5866346044269519,0.1329754337010115,0.03012832434442998,0.9521489392938413,0.097708082026538,0.017810026385224276,0.19232328553487546,is_unbalance
LGBMClassifier,IRF4,0.5359770835451044,0.5084045983725096,0.0014109774042047128,0.4874397334823184,0.0007064284993440307,0.5303030303030303,0.7097209072861435,is_unbalance
LGBMClassifier,Jnk,0.6196484287156236,0.27524738990376985,0.06792134153697672,0.9274901221011534,0.05946345585128855,0.07918424753867792,0.2243227326438699,is_unbalance
LGBMClassifier,LEF1,0.631975499943353,0.5956167273280263,0.005548216644649934,0.5576318495666226,0.0027862544779089825,0.6363636363636364,0.7269991729027663,is_unbalance
LGBMClassifier,MYC,0.6696030329107481,0.023149636727175966,0.0010712372790573112,0.9125808568482235,1.0,0.0005359056806002144,0.2866909818322454,is_unbalance
